<environmentvariabledefinition schemaname="maroccpu_ServiceAgreementLibraryNameText">
  <defaultvalue>Service Agreement</defaultvalue>
  <displayname default="Service Agreement Library Name Text">
    <label description="Service Agreement Library Name Text" languagecode="1033" />
  </displayname>
  <introducedversion>1.0.0.1</introducedversion>
  <iscustomizable>1</iscustomizable>
  <isrequired>0</isrequired>
  <secretstore>0</secretstore>
  <type>100000000</type>
</environmentvariabledefinition>