<environmentvariabledefinition schemaname="maroccpu_shared_sharepointonline_64af42990c0c47bb97d912b2bb7f26a3">
  <apiid>/providers/microsoft.powerapps/apis/shared_sharepointonline</apiid>
  <displayname default="Contract Management Library Name">
    <label description="Contract Management Library Name" languagecode="1033" />
  </displayname>
  <introducedversion>1.0.0.0</introducedversion>
  <iscustomizable>1</iscustomizable>
  <isrequired>0</isrequired>
  <parameterkey>table</parameterkey>
  <parentdefinitionid>
    <schemaname>maroccpu_shared_sharepointonline_fb26b8442a88484bb26560051edebd4e</schemaname>
  </parentdefinitionid>
  <secretstore>0</secretstore>
  <type>100000004</type>
</environmentvariabledefinition>