<ImportExportXml xmlns:xsi="http://www.w3.org/2001/XMLSchema-instance">
  <Entities></Entities>
  <Roles></Roles>
  <Workflows>
    <Workflow WorkflowId="{102d07ec-ac54-ed11-bba1-6045bd895526}" Name="UploadContract">
      <JsonFileName>/Workflows/UploadContract-102D07EC-AC54-ED11-BBA1-6045BD895526.json</JsonFileName>
      <Type>1</Type>
      <Subprocess>0</Subprocess>
      <Category>5</Category>
      <Mode>0</Mode>
      <Scope>4</Scope>
      <OnDemand>0</OnDemand>
      <TriggerOnCreate>0</TriggerOnCreate>
      <TriggerOnDelete>0</TriggerOnDelete>
      <AsyncAutodelete>0</AsyncAutodelete>
      <SyncWorkflowLogOnFailure>0</SyncWorkflowLogOnFailure>
      <StateCode>1</StateCode>
      <StatusCode>2</StatusCode>
      <RunAs>1</RunAs>
      <IsTransacted>1</IsTransacted>
      <IntroducedVersion>1.0</IntroducedVersion>
      <IsCustomizable>1</IsCustomizable>
      <BusinessProcessType>0</BusinessProcessType>
      <IsCustomProcessingStepAllowedForOtherPublishers>1</IsCustomProcessingStepAllowedForOtherPublishers>
      <PrimaryEntity>none</PrimaryEntity>
      <LocalizedNames>
        <LocalizedName languagecode="1033" description="UploadContract" />
      </LocalizedNames>
    </Workflow>
    <Workflow WorkflowId="{ea0c505e-ad54-ed11-bba1-6045bd895526}" Name="GenerateServiceAgreement">
      <JsonFileName>/Workflows/GenerateServiceAgreement-EA0C505E-AD54-ED11-BBA1-6045BD895526.json</JsonFileName>
      <Type>1</Type>
      <Subprocess>0</Subprocess>
      <Category>5</Category>
      <Mode>0</Mode>
      <Scope>4</Scope>
      <OnDemand>0</OnDemand>
      <TriggerOnCreate>0</TriggerOnCreate>
      <TriggerOnDelete>0</TriggerOnDelete>
      <AsyncAutodelete>0</AsyncAutodelete>
      <SyncWorkflowLogOnFailure>0</SyncWorkflowLogOnFailure>
      <StateCode>1</StateCode>
      <StatusCode>2</StatusCode>
      <RunAs>1</RunAs>
      <IsTransacted>1</IsTransacted>
      <IntroducedVersion>1.0.0.0</IntroducedVersion>
      <IsCustomizable>1</IsCustomizable>
      <BusinessProcessType>0</BusinessProcessType>
      <IsCustomProcessingStepAllowedForOtherPublishers>1</IsCustomProcessingStepAllowedForOtherPublishers>
      <PrimaryEntity>none</PrimaryEntity>
      <LocalizedNames>
        <LocalizedName languagecode="1033" description="GenerateServiceAgreement" />
      </LocalizedNames>
    </Workflow>
  </Workflows>
  <FieldSecurityProfiles></FieldSecurityProfiles>
  <Templates />
  <EntityMaps />
  <EntityRelationships />
  <OrganizationSettings />
  <optionsets />
  <CustomControls />
  <EntityDataProviders />
  <CanvasApps>
    <CanvasApp>
      <Name>maroccpu_managedocument_27272</Name>
      <AppVersion>2022-12-05T09:47:50Z</AppVersion>
      <Status>Ready</Status>
      <CreatedByClientVersion>3.22111.28.0</CreatedByClientVersion>
      <MinClientVersion>3.22111.28.0</MinClientVersion>
      <Tags>{"primaryDeviceWidth":"1366","primaryDeviceHeight":"768","supportsPortrait":"true","supportsLandscape":"true","primaryFormFactor":"Tablet","publisherVersion":"3.22111.28","minimumRequiredApiVersion":"2.2.0","hasComponent":"true","hasUnlockedComponent":"true","isUnifiedRootApp":"false","sienaVersion":"20221108T124353Z-3.22104.22.0"}</Tags>
      <IsCdsUpgraded>0</IsCdsUpgraded>
      <GalleryItemId xsi:nil="true"></GalleryItemId>
      <BackgroundColor>RGBA(0,176,240,1)</BackgroundColor>
      <DisplayName>ManageDocument</DisplayName>
      <Description xsi:nil="true"></Description>
      <CommitMessage xsi:nil="true"></CommitMessage>
      <Publisher xsi:nil="true"></Publisher>
      <AuthorizationReferences>[]</AuthorizationReferences>
      <ConnectionReferences>{"4751eb62-4f5c-4244-825e-9c38161b98b8":{"id":"/providers/microsoft.powerapps/apis/shared_logicflows","displayName":"Logic flows","iconUri":"https://connectoricons-prod.azureedge.net/releases/v1.0.1534/1.0.1534.2605/logicflows/icon.png","dataSources":["UploadContract"],"dependencies":["679cc5e4-b18e-4a9b-b0c6-d802c60b36d4"],"dependents":[],"parameterHints":{"workflowName":{"value":"a2817c21-f26b-45c0-9ae0-075a3bd87338"},"workflowEntityId":{"value":"102d07ec-ac54-ed11-bba1-6045bd895526"},"679cc5e4-b18e-4a9b-b0c6-d802c60b36d4":{"value":"shared_sharepointonline"}},"parameterHintsV2":{"workflowName":{"value":"a2817c21-f26b-45c0-9ae0-075a3bd87338"},"workflowEntityId":{"value":"102d07ec-ac54-ed11-bba1-6045bd895526"},"shared_sharepointonline":{"value":"679cc5e4-b18e-4a9b-b0c6-d802c60b36d4"}},"isOnPremiseConnection":false,"bypassConsent":false,"dataSets":{},"apiTier":"Standard","actions":["Run"]},"679cc5e4-b18e-4a9b-b0c6-d802c60b36d4":{"id":"/providers/microsoft.powerapps/apis/shared_sharepointonline","displayName":"SharePoint","iconUri":"https://connectoricons-prod.azureedge.net/releases/v1.0.1610-greyhound-localization-RelayFix/1.0.1610.3091/sharepointonline/icon.png","dataSources":["Contract Management Library Name"],"dependencies":[],"dependents":["4751eb62-4f5c-4244-825e-9c38161b98b8"],"parameterHints":{},"parameterHintsV2":{},"isOnPremiseConnection":false,"bypassConsent":false,"dataSets":{"https://tenant365marocc.sharepoint.com/sites/ProjectsHub":{"datasetOverride":{"name":"https://tenant365marocc.sharepoint.com/sites/ProjectsHub","environmentVariableName":"maroccpu_shared_sharepointonline_fb26b8442a88484bb26560051edebd4e"},"dataSources":{"Contract Management Library Name":{"tableName":"8795c7ae-6066-41d6-8fed-506acc70cde7","tableNameOverride":{"name":"8795c7ae-6066-41d6-8fed-506acc70cde7","environmentVariableName":"maroccpu_shared_sharepointonline_64af42990c0c47bb97d912b2bb7f26a3"}}}}},"apiTier":"Standard","actions":["providers/PowerPlatform.Governance/Operations/Read"]}}</ConnectionReferences>
      <DatabaseReferences>{}</DatabaseReferences>
      <AppComponents>[]</AppComponents>
      <AppComponentDependencies>[]</AppComponentDependencies>
      <CanConsumeAppPass>1</CanConsumeAppPass>
      <CanvasAppType>0</CanvasAppType>
      <BypassConsent>0</BypassConsent>
      <AdminControlBypassConsent>0</AdminControlBypassConsent>
      <EmbeddedApp xsi:nil="true"></EmbeddedApp>
      <IntroducedVersion>1.0</IntroducedVersion>
      <CdsDependencies>{"cdsdependencies":[{"logicalname":"maroccpu_shared_sharepointonline_fb26b8442a88484bb26560051edebd4e","componenttype":380,"componenttypeplatformname":"EnvironmentVariableDefinition"},{"logicalname":"maroccpu_shared_sharepointonline_64af42990c0c47bb97d912b2bb7f26a3","componenttype":380,"componenttypeplatformname":"EnvironmentVariableDefinition"}]}</CdsDependencies>
      <IsCustomizable>1</IsCustomizable>
      <BackgroundImageUri>/CanvasApps/maroccpu_managedocument_27272_BackgroundImageUri</BackgroundImageUri>
      <DocumentUri>/CanvasApps/maroccpu_managedocument_27272_DocumentUri.msapp</DocumentUri>
    </CanvasApp>
  </CanvasApps>
  <connectionreferences>
    <connectionreference connectionreferencelogicalname="maroccpu_SharePointConnection">
      <connectionreferencedisplayname>SharePointConnection</connectionreferencedisplayname>
      <connectorid>/providers/Microsoft.PowerApps/apis/shared_sharepointonline</connectorid>
      <description>SharePoint Connection</description>
      <iscustomizable>1</iscustomizable>
      <statecode>0</statecode>
      <statuscode>1</statuscode>
    </connectionreference>
  </connectionreferences>
  <Languages>
    <Language>1033</Language>
  </Languages>
</ImportExportXml>