<environmentvariabledefinition schemaname="maroccpu_shared_sharepointonline_fb26b8442a88484bb26560051edebd4e">
  <apiid>/providers/microsoft.powerapps/apis/shared_sharepointonline</apiid>
  <description default="Url SharePoint Site">
    <label description="Url SharePoint Site" languagecode="1033" />
  </description>
  <displayname default="SharePointSiteURL">
    <label description="SharePointSiteURL" languagecode="1033" />
  </displayname>
  <introducedversion>1.0.0.0</introducedversion>
  <iscustomizable>1</iscustomizable>
  <isrequired>0</isrequired>
  <parameterkey>dataset</parameterkey>
  <secretstore>0</secretstore>
  <type>100000004</type>
</environmentvariabledefinition>