<environmentvariabledefinition schemaname="maroccpu_ContractManagementLibraryNameText">
  <defaultvalue>Contract Management Hub</defaultvalue>
  <description default="Contract Management Library Name Text">
    <label description="Contract Management Library Name Text" languagecode="1033" />
  </description>
  <displayname default="Contract Management Library Name Text">
    <label description="Contract Management Library Name Text" languagecode="1033" />
  </displayname>
  <introducedversion>1.0.0.0</introducedversion>
  <iscustomizable>1</iscustomizable>
  <isrequired>0</isrequired>
  <secretstore>0</secretstore>
  <type>100000000</type>
</environmentvariabledefinition>