{
  "properties": {
    "connectionReferences": {
      "shared_sharepointonline_1": {
        "runtimeSource": "embedded",
        "connection": {
          "connectionReferenceLogicalName": "maroccpu_SharePointConnection"
        },
        "api": {
          "name": "shared_sharepointonline"
        }
      }
    },
    "definition": {
      "$schema": "https://schema.management.azure.com/providers/Microsoft.Logic/schemas/2016-06-01/workflowdefinition.json#",
      "contentVersion": "1.0.0.0",
      "parameters": {
        "$connections": {
          "defaultValue": {},
          "type": "Object"
        },
        "$authentication": {
          "defaultValue": {},
          "type": "SecureObject"
        },
        "SharePointSiteURL (maroccpu_shared_sharepointonline_fb26b8442a88484bb26560051edebd4e)": {
          "defaultValue": "https://tenant365marocc.sharepoint.com/sites/ProjectsHub",
          "type": "String",
          "metadata": {
            "schemaName": "maroccpu_shared_sharepointonline_fb26b8442a88484bb26560051edebd4e",
            "description": "Url SharePoint Site"
          }
        },
        "Contract Management Library Name (maroccpu_shared_sharepointonline_64af42990c0c47bb97d912b2bb7f26a3)": {
          "defaultValue": "8795c7ae-6066-41d6-8fed-506acc70cde7",
          "type": "String",
          "metadata": {
            "schemaName": "maroccpu_shared_sharepointonline_64af42990c0c47bb97d912b2bb7f26a3"
          }
        },
        "Contract Management Library Name Text (maroccpu_ContractManagementLibraryNameText)": {
          "defaultValue": "Contract Management Hub",
          "type": "String",
          "metadata": {
            "schemaName": "maroccpu_ContractManagementLibraryNameText",
            "description": "Contract Management Library Name Text"
          }
        },
        "Service Agreement Library Name Text (maroccpu_ServiceAgreementLibraryNameText)": {
          "defaultValue": "Service Agreement",
          "type": "String",
          "metadata": {
            "schemaName": "maroccpu_ServiceAgreementLibraryNameText"
          }
        }
      },
      "triggers": {
        "When_a_file_is_classified_by_a_content_understanding_model": {
          "recurrence": {
            "interval": 1,
            "frequency": "Minute"
          },
          "splitOn": "@triggerOutputs()?['body/value']",
          "metadata": {
            "operationMetadataId": "8dce990f-333d-497f-b4dd-0f1d7042ea39"
          },
          "type": "OpenApiConnection",
          "inputs": {
            "host": {
              "connectionName": "shared_sharepointonline_1",
              "operationId": "GetOnUpdatedFileClassifiedTimes",
              "apiId": "/providers/Microsoft.PowerApps/apis/shared_sharepointonline"
            },
            "parameters": {
              "dataset": "@parameters('SharePointSiteURL (maroccpu_shared_sharepointonline_fb26b8442a88484bb26560051edebd4e)')",
              "table": "@parameters('Contract Management Library Name (maroccpu_shared_sharepointonline_64af42990c0c47bb97d912b2bb7f26a3)')"
            },
            "authentication": "@parameters('$authentication')"
          }
        }
      },
      "actions": {
        "Generate_document_using_SharePoint_Syntex_(preview)": {
          "runAfter": {},
          "metadata": {
            "operationMetadataId": "2e92858e-5eca-484d-8dd3-bf037d3a87f8"
          },
          "type": "OpenApiConnection",
          "inputs": {
            "host": {
              "connectionName": "shared_sharepointonline_1",
              "operationId": "CreateContentAssemblyDocument",
              "apiId": "/providers/Microsoft.PowerApps/apis/shared_sharepointonline"
            },
            "parameters": {
              "dataset": "@parameters('SharePointSiteURL (maroccpu_shared_sharepointonline_fb26b8442a88484bb26560051edebd4e)')",
              "table": "9b466c6c-44d7-459c-9e1e-0fe353522b09",
              "template": "0x010100989476C7E1341D4D971A7B12B1891486002EB6065366E80047AA33F1440BBAD817",
              "fileName": "ServiceAgreement@{triggerOutputs()?['body/{Name}']}.docx",
              "item/60361": "@triggerOutputs()?['body/Change_x0020_Fee']",
              "item/612089": "@triggerOutputs()?['body/Employee_x0020_Name']",
              "item/991609": "@ formatDateTime(triggerOutputs()?['body/Change_x0020_Date'],'MM/dd/yyyy')"
            },
            "authentication": "@parameters('$authentication')"
          }
        },
        "Update_file_properties": {
          "runAfter": {
            "Get_file_properties": [
              "Succeeded"
            ]
          },
          "metadata": {
            "operationMetadataId": "4ee595eb-0924-4413-85f6-00c2be26ae97"
          },
          "type": "OpenApiConnection",
          "inputs": {
            "host": {
              "connectionName": "shared_sharepointonline_1",
              "operationId": "PatchFileItem",
              "apiId": "/providers/Microsoft.PowerApps/apis/shared_sharepointonline"
            },
            "parameters": {
              "dataset": "@parameters('SharePointSiteURL (maroccpu_shared_sharepointonline_fb26b8442a88484bb26560051edebd4e)')",
              "table": "@parameters('Contract Management Library Name Text (maroccpu_ContractManagementLibraryNameText)')",
              "id": "@triggerOutputs()?['body/ID']",
              "item/ServiceAgreementLink": "@outputs('Get_file_properties')?['body/{Link}']",
              "item/PrimeCorrectedByUser": false,
              "item/{ContentType}/Id": "0x0101002B66A0049E8D494D8BBEE506A9029A4A004F205B26C302B34599B96F87988C4AA6"
            },
            "authentication": "@parameters('$authentication')"
          }
        },
        "Delay": {
          "runAfter": {
            "Generate_document_using_SharePoint_Syntex_(preview)": [
              "Succeeded"
            ]
          },
          "metadata": {
            "operationMetadataId": "61c46df4-6f3c-4d61-9646-8503694eb5c2"
          },
          "type": "Wait",
          "inputs": {
            "interval": {
              "count": 15,
              "unit": "Second"
            }
          }
        },
        "Get_file_properties": {
          "runAfter": {
            "Delay": [
              "Succeeded"
            ]
          },
          "metadata": {
            "operationMetadataId": "c6069053-0bac-48ff-916e-850110ab380b"
          },
          "type": "OpenApiConnection",
          "inputs": {
            "host": {
              "connectionName": "shared_sharepointonline_1",
              "operationId": "GetFileItem",
              "apiId": "/providers/Microsoft.PowerApps/apis/shared_sharepointonline"
            },
            "parameters": {
              "dataset": "@parameters('SharePointSiteURL (maroccpu_shared_sharepointonline_fb26b8442a88484bb26560051edebd4e)')",
              "table": "@parameters('Service Agreement Library Name Text (maroccpu_ServiceAgreementLibraryNameText)')",
              "id": "@outputs('Generate_document_using_SharePoint_Syntex_(preview)')?['body/ItemId']"
            },
            "authentication": "@parameters('$authentication')"
          }
        }
      }
    },
    "templateName": ""
  },
  "schemaVersion": "1.0.0.0"
}