{
  "properties": {
    "connectionReferences": {
      "shared_sharepointonline": {
        "runtimeSource": "invoker",
        "connection": {
          "connectionReferenceLogicalName": "maroccpu_SharePointConnection"
        },
        "api": {
          "name": "shared_sharepointonline"
        }
      }
    },
    "definition": {
      "$schema": "https://schema.management.azure.com/providers/Microsoft.Logic/schemas/2016-06-01/workflowdefinition.json#",
      "contentVersion": "1.0.0.0",
      "parameters": {
        "$connections": {
          "defaultValue": {},
          "type": "Object"
        },
        "$authentication": {
          "defaultValue": {},
          "type": "SecureObject"
        },
        "SharePointSiteURL (maroccpu_shared_sharepointonline_fb26b8442a88484bb26560051edebd4e)": {
          "defaultValue": "https://tenant365marocc.sharepoint.com/sites/ProjectsHub",
          "type": "String",
          "metadata": {
            "schemaName": "maroccpu_shared_sharepointonline_fb26b8442a88484bb26560051edebd4e",
            "description": "Url SharePoint Site"
          }
        },
        "Contract Management Library Name Text (maroccpu_ContractManagementLibraryNameText)": {
          "defaultValue": "Contract Management Hub",
          "type": "String",
          "metadata": {
            "schemaName": "maroccpu_ContractManagementLibraryNameText",
            "description": "Contract Management Library Name Text"
          }
        }
      },
      "triggers": {
        "manual": {
          "metadata": {
            "operationMetadataId": "496fd40f-f523-4e07-8b5d-f4227160119f"
          },
          "type": "Request",
          "kind": "PowerAppV2",
          "inputs": {
            "schema": {
              "type": "object",
              "properties": {
                "file": {
                  "title": "File Content",
                  "type": "object",
                  "x-ms-dynamically-added": true,
                  "description": "Please select file or image",
                  "x-ms-content-hint": "FILE",
                  "properties": {
                    "name": {
                      "type": "string"
                    },
                    "contentBytes": {
                      "type": "string",
                      "format": "byte"
                    }
                  }
                }
              },
              "required": []
            }
          }
        }
      },
      "actions": {
        "Respond_to_a_PowerApp_or_flow": {
          "runAfter": {
            "Scope_Catch": [
              "Skipped",
              "Succeeded"
            ]
          },
          "metadata": {
            "operationMetadataId": "c428b363-144c-4899-a174-56d0ec11760e"
          },
          "type": "Response",
          "kind": "PowerApp",
          "inputs": {
            "statusCode": 200,
            "body": {
              "res": "@variables('ResCode')",
              "restext": "@variables('ResText')"
            },
            "schema": {
              "type": "object",
              "properties": {
                "res": {
                  "title": "Res",
                  "x-ms-dynamically-added": true,
                  "type": "number"
                },
                "restext": {
                  "title": "ResText",
                  "x-ms-dynamically-added": true,
                  "type": "string"
                }
              }
            }
          }
        },
        "Scope": {
          "actions": {
            "Set_variable_ResText": {
              "runAfter": {
                "Set_variable_ResCode": [
                  "Succeeded"
                ]
              },
              "metadata": {
                "operationMetadataId": "6f508fd5-d965-427d-8f84-cedea0ea73c3"
              },
              "type": "SetVariable",
              "inputs": {
                "name": "ResText",
                "value": "OK"
              }
            },
            "Create_file": {
              "runAfter": {},
              "metadata": {
                "operationMetadataId": "ab247ce1-7fe7-4186-9a48-e660e8da4056"
              },
              "type": "OpenApiConnection",
              "inputs": {
                "host": {
                  "connectionName": "shared_sharepointonline",
                  "operationId": "CreateFile",
                  "apiId": "/providers/Microsoft.PowerApps/apis/shared_sharepointonline"
                },
                "parameters": {
                  "dataset": "@parameters('SharePointSiteURL (maroccpu_shared_sharepointonline_fb26b8442a88484bb26560051edebd4e)')",
                  "folderPath": "/@{parameters('Contract Management Library Name Text (maroccpu_ContractManagementLibraryNameText)')}",
                  "name": "@triggerBody()['file']['name']",
                  "body": "@triggerBody()?['file']?['contentBytes']"
                },
                "authentication": "@parameters('$authentication')"
              },
              "runtimeConfiguration": {
                "contentTransfer": {
                  "transferMode": "Chunked"
                }
              }
            },
            "Set_variable_ResCode": {
              "runAfter": {
                "Create_file": [
                  "Succeeded"
                ]
              },
              "metadata": {
                "operationMetadataId": "757337d3-c4db-429c-927d-2005f4041ec3"
              },
              "type": "SetVariable",
              "inputs": {
                "name": "ResCode",
                "value": 200
              }
            }
          },
          "runAfter": {
            "Initialize_variable_ResText": [
              "Succeeded"
            ]
          },
          "metadata": {
            "operationMetadataId": "4527834f-f983-4ad1-be4d-41f0e247c47f"
          },
          "type": "Scope"
        },
        "Initialize_variable_ResCode": {
          "runAfter": {},
          "metadata": {
            "operationMetadataId": "9d8c382f-5875-48fc-a629-1d2abd682762"
          },
          "type": "InitializeVariable",
          "inputs": {
            "variables": [
              {
                "name": "ResCode",
                "type": "integer"
              }
            ]
          }
        },
        "Initialize_variable_ResText": {
          "runAfter": {
            "Initialize_variable_ResCode": [
              "Succeeded"
            ]
          },
          "metadata": {
            "operationMetadataId": "e8522dca-97da-473a-810e-8ca0b2f3040c"
          },
          "type": "InitializeVariable",
          "inputs": {
            "variables": [
              {
                "name": "ResText",
                "type": "string"
              }
            ]
          }
        },
        "Scope_Catch": {
          "actions": {
            "Set_variable": {
              "runAfter": {},
              "metadata": {
                "operationMetadataId": "f6547242-b6c4-4fe8-bd42-a6a714d36fc1"
              },
              "type": "SetVariable",
              "inputs": {
                "name": "ResCode",
                "value": -1
              }
            },
            "Set_variable_2": {
              "runAfter": {
                "Set_variable": [
                  "Succeeded"
                ]
              },
              "metadata": {
                "operationMetadataId": "f280182e-04e1-44ae-8c9b-463b53181835"
              },
              "type": "SetVariable",
              "inputs": {
                "name": "ResText",
                "value": "Error during upload"
              }
            }
          },
          "runAfter": {
            "Scope": [
              "Failed"
            ]
          },
          "metadata": {
            "operationMetadataId": "a89db562-12f4-4ce4-87fc-22ce805c84e3"
          },
          "type": "Scope"
        }
      }
    },
    "templateName": ""
  },
  "schemaVersion": "1.0.0.0"
}